fric,avg_skew,sd_skew,avg_cog,sd_cog
s,-0.7714211296148803,0.2834031952113585,5690.523876156624,913.2537200566543
sh,0.5527295005695323,0.441112016881506,3994.8227851098964,697.0921818844314
